{
    "width" : 30,
    "height" : 20,
    "ground" : {
        "file" : "Basement-Ground.dat",
        "tiles" : [
            "tile_Blue_1.png",
            "tile_Yellow_2.png",
            "tile_Blue_Cracked1.png",
            "tile_Blue_Cracked2.png",
            "item_Floormat.png",
            "stairsTop.png",
            "single_dark_tile.png"
        ]
    },
    "objects" : {
        "file" : "Basement-Objects.dat",
        "tiles" : [
            "blank.png",
            "wallTile_Blue1_black.png",
            "wall_dark_only.png",
            "Alexa_version1.png",
            "item_Nightstand_col1.png",
            "item_Nightstand_col2.png",
            "item_bed_col1.png",
            "item_chair_back.png",
            "item_chair_front.png",
            "item_chair_sideways.png",
            "item_fridge.png",
            "items_kitchentop_1box.png",
            "items_kitchentop_bottom.png",
            "wall_with_dark_top.png",
            "wallTile_Blue_fuseBox_ON.png",
            "wallTile_Blue_fuseBox_OFF.png",
            "wallTile_Green1_black.png",
            "wallTile_Green2_black.png",
            "door_closed_ver1.png",
            "door_vertical_topDown_1.png",
            "Electronics_Roomba.png",
            "wallTile_withWindow.png",
            "key_in_dust.png",
            "item_Kommode_Blue.png",
            "item_Kommode_Gul.png",
            "items_kitchentop_oven.png",
            "item_cardboardbox_1.png",
            "item_cardboardbox_2.png",
            "item_cardboardbox_3.png",
            "wallTile_projector.png",
            "item_projector.png",
            "item_wachingmachine.png",
            "blocker.png",
            "cake.png"
        ]
    },
    "special_blocks" : {
        "roomba" : 20,
        "dust" : 22,
        "door" : 18,
        "fusebox": 14
    }
}

