{
    "width" : 30,
    "height" : 20,
    "ground" : {
        "file" : "GroundFloor-Ground.dat",
        "tiles" : [
            "tile_Yellow_2.png",
            "tile_Blue_1.png",
            "tile_Blue_Cracked1.png",
            "tile_Blue_Cracked2.png",
            "Floormat_on_Green.png",
            "Floormat_on_Blue.png",
            "Floormat_on_Yellow.png",
            "stairsTop.png",
            "tile_Green_1.png",
            "tile_Green_cracked.png",
            "tile_grass_1.png",
            "tile_grass_2.png",
            "tile_grass_3.png"
        ]
    },
    "objects" : {
        "file" : "GroundFloor-Objects.dat",
        "tiles" : [
            "blank.png",
            "wall_with_dark_top.png",
            "wall_dark_only.png",
            "Alexa_version1.png",
            "item_Nightstand_col1.png",
            "item_Nightstand_col2.png",
            "item_bed_col1.png",
            "item_chair_back.png",
            "item_chair_front.png",
            "item_chair_sideways.png",
            "item_fridge.png",
            "items_kitchentop_1box.png",
            "items_kitchentop_bottom.png",
            "wallTile_Blue1_black.png",
            "blank.png",
            "wallTile_Green1_black.png",
            "wallTile_Green2_black.png",
            "door_closed_ver1.png",
            "door_vertical_topDown_1.png",
            "Electronics_Roomba.png",
            "wallTile_withWindow.png",
            "item_Dust.png",
            "item_Kommode_Blue.png",
            "item_Kommode_Gul.png",
            "items_kitchentop_oven.png",
            "item_flatscreenTV.png",
            "item_wachingmachine.png",
            "blocker.png",
            "wallTile_Blue_fuseBox_OFF.png",
            "wallTile_Blue_fuseBox_ON.png"
        ]
    },
    "special_blocks" : {
        "roomba" : 19,
        "dust" : 21,
        "door" : 17,
        "fusebox": 29
    }
}

